{
	"changeLogs": {
		"BDFDB": "1.9.2",
		"BetterNsfwTag": "1.2.7",
		"ChatAliases": "2.3.3",
		"ChatFilter": "3.5.5",
		"CreationDate": "1.4.6",
		"GameActivityToggle": "1.0.4",
		"ShowHiddenChannels": "3.0.2",
		"SpotifyControls": "1.2.4"
	},
	"choices": {
		"toastPosition": "left"
	},
	"general": {
		"showToasts": true,
		"showSupportBadges": true,
		"useChromium": false
	},
	"hashes": {
		"0BDFDB.data.json": "db711f3ebe5195d25aef586963ac9296709c5940",
		"0BDFDB.raw.css": "6bb82eb9f45d2d68a03ad2d3e21dcf35a5e2e3ee"
	}
}