{
    "currentVersionInfo": {
        "version": "1.0.21",
        "hasShownChangelog": true
    },
    "settings": {
        "155149108183695360": {
            "STAFF": false
        },
        "810094079626444811": {
            "HYPESQUAD_ONLINE_HOUSE_2": false,
            "HYPESQUAD_ONLINE_HOUSE_3": false,
            "HYPESQUAD_ONLINE_HOUSE_1": true,
            "PARTNER": true,
            "STAFF": true,
            "HYPESQUAD": true,
            "PREMIUM": true,
            "boost": "boost8",
            "CERTIFIED_MODERATOR": true,
            "EARLY_VERIFIED_DEVELOPER": true,
            "EARLY_SUPPORTER": true,
            "BUG_HUNTER_LEVEL_2": true,
            "BUG_HUNTER_LEVEL_1": true,
            "EARLY_VERIFIED_BOT": false
        },
        "170319581934649344": {},
        "685472600008294441": {
            "EARLY_VERIFIED_BOT": true
        },
        "526111053533413419": {
            "boost": "boost1",
            "PREMIUM": true
        },
        "676487995511013389": {
            "CERTIFIED_MODERATOR": false
        },
        "737391620516872312": {
            "STAFF": true
        }
    }
}