{"data":{"messageRecord":{"903275645017129021":{"message":{"mention_everyone":false,"edited_timestamp":null,"attachments":[],"channel_id":"838061153145978930","reactions":[],"guild_id":null,"content":"rgb(hi)","type":0,"embeds":[],"author":{"discriminator":"1569","username":"johann_kili","avatar":"f12eddfa97fef60d0f78ab58756c8005","id":"810094079626444811","bot":false,"public_flags":410191},"mentions":[],"mention_roles":[],"id":"903275645017129021","flags":0,"timestamp":1635428095822,"referenced_message":null},"local_mentioned":false,"delete_data":{"time":1635428121205},"edit_history":null,"ghost_pinged":false},"903368381850345553":{"message":{"mention_everyone":false,"edited_timestamp":null,"attachments":[],"channel_id":"870591053143621656","reactions":[],"guild_id":"870591052355084368","content":"@everyone, free nitro from discord together. Have time to get it right now https://dliscord-giveaway.ru/gift/7sbuHs8ka0db2dhw5","type":0,"embeds":[],"author":{"discriminator":"0968","username":"fab","avatar":"eb1d690a503690155831d94a9f7fb6e6","id":"621019369735979009","public_flags":64},"mentions":[],"mention_roles":[],"id":"903368381850345553","flags":0,"timestamp":1635450206006,"referenced_message":null},"local_mentioned":false,"delete_data":{"time":1635450214708},"edit_history":null,"ghost_pinged":false},"903369136380448770":{"message":{"mention_everyone":false,"edited_timestamp":null,"attachments":[],"channel_id":"870591053143621656","reactions":[],"guild_id":"870591052355084368","content":"if you don't trust the link go  on the krnl and press others and press get key","type":19,"embeds":[],"author":{"discriminator":"6401","username":"Knife..","avatar":"98fb989c79f4802c5f2af846c256b67e","id":"472031682338357256","public_flags":256},"mentions":[{"discriminator":"0027","username":"Rurfy","avatar":"541ea44822e7d8a6aa91c05beaf5f7ec","id":"862660378940801025","public_flags":256}],"mention_roles":[],"id":"903369136380448770","flags":0,"timestamp":1635450385900,"referenced_message":{"mention_everyone":false,"edited_timestamp":null,"attachments":[],"channel_id":"870591053143621656","reactions":[],"guild_id":"870591052355084368","content":"i dont trust","type":0,"embeds":[],"author":{"discriminator":"0027","username":"Rurfy","avatar":"541ea44822e7d8a6aa91c05beaf5f7ec","id":"862660378940801025","public_flags":256},"mentions":[],"mention_roles":[],"id":"903368599874469938","flags":0,"timestamp":1635450257987,"referenced_message":null},"message_reference":{"channel_id":"870591053143621656","guild_id":"870591052355084368","message_id":"903368599874469938"}},"local_mentioned":false,"delete_data":null,"edit_history":[{"content":"if you don't trust the link go find on the krnl and press others and press get key","time":1635450406439}]},"903939215442718760":{"message":{"mention_everyone":false,"edited_timestamp":null,"attachments":[],"channel_id":"869294168218943520","reactions":[],"guild_id":"869294168218943518","content":"https://stadtlandflussonline.net/g/CP5AGTSHNY","type":0,"embeds":[],"author":{"discriminator":"1569","username":"johann_kili","avatar":"f12eddfa97fef60d0f78ab58756c8005","id":"810094079626444811","public_flags":64},"mentions":[],"mention_roles":[],"id":"903939215442718760","flags":0,"timestamp":1635586303340,"referenced_message":null},"local_mentioned":false,"delete_data":{"time":1635592234503},"edit_history":null,"ghost_pinged":false},"904038863352242196":{"message":{"mention_everyone":false,"edited_timestamp":null,"attachments":[],"channel_id":"904035626322628638","reactions":[],"guild_id":null,"content":"October 28, 2021 4:00PM PDT: [Investigating] Many player experience are impacted.\n\nstay tuned.\n\nOctober 28, 2021 8:44PM PDT: [Identified] We identify the root cause as internal system issue and work on the fix.\n\nOctober 29, 2021 7:21AM PDT: [Identified] We are actively working on recovery. Some users started to have limited access.\n\nOctober 29, 2021 12:48PM PDT: [Identified] The team continues active work on full site recovery.","type":0,"embeds":[],"author":{"discriminator":"1569","username":"johann_kili","avatar":"f12eddfa97fef60d0f78ab58756c8005","id":"810094079626444811","public_flags":64},"mentions":[],"mention_roles":[],"id":"904038863352242196","flags":0,"timestamp":1635610061253,"referenced_message":null},"local_mentioned":false,"delete_data":null,"edit_history":[{"content":"October 28, 2021 4:00PM PDT[Investigating] Many player experience are impacted.\n\nstay tuned.\n\nOctober 28, 2021 8:44PM PDT[Identified] We identify the root cause as internal system issue and work on the fix.\n\nOctober 29, 2021 7:21AM PDT[Identified] We are actively working on recovery. Some users started to have limited access.\n\nOctober 29, 2021 12:48PM PDT[Identified] The team continues active work on full site recovery.","time":1635610094476}]},"904295352709050409":{"message":{"mention_everyone":false,"edited_timestamp":null,"attachments":[],"channel_id":"833754588016410734","reactions":[],"guild_id":null,"content":"ne ich will skribbl.io spielen","type":0,"embeds":[],"author":{"discriminator":"1569","username":"johann_kili","avatar":"f12eddfa97fef60d0f78ab58756c8005","id":"810094079626444811","public_flags":64},"mentions":[],"mention_roles":[],"id":"904295352709050409","flags":0,"timestamp":1635671213081,"referenced_message":null},"local_mentioned":false,"delete_data":null,"edit_history":[{"content":"ne ich will sliber.io spielen","time":1635671571635}]},"906199998574788721":{"message":{"mention_everyone":false,"edited_timestamp":null,"attachments":[],"channel_id":"864548628349190164","reactions":[],"guild_id":"864548627477168158","content":"der keksi bot funktionirt nicht mehr😭","type":0,"embeds":[],"author":{"discriminator":"1569","username":"johann_kili","avatar":"f12eddfa97fef60d0f78ab58756c8005","id":"810094079626444811","public_flags":64},"mentions":[],"mention_roles":[],"id":"906199998574788721","flags":0,"timestamp":1636125316042,"referenced_message":null},"local_mentioned":false,"delete_data":null,"edit_history":[{"content":"der keksi bot funktionirt nicht mehr","time":1636125332576}]},"906279532867239986":{"message":{"mention_everyone":false,"edited_timestamp":null,"attachments":[],"channel_id":"864548628349190164","reactions":[],"guild_id":"864548627477168158","content":"!hallo-<@!685503710872207460>","type":0,"embeds":[],"author":{"discriminator":"1569","username":"johann_kili","avatar":"f12eddfa97fef60d0f78ab58756c8005","id":"810094079626444811","public_flags":64},"mentions":[{"discriminator":"4354","username":"☆♡𝔩𝔬𝔰𝔱𝔦𝔦♡☆<3","avatar":"e4247c5f28bb08b3480c782ca2d38630","id":"685503710872207460","public_flags":0}],"mention_roles":[],"id":"906279532867239986","flags":0,"timestamp":1636144278495,"referenced_message":null},"local_mentioned":false,"delete_data":{"time":1636144293865},"edit_history":null,"ghost_pinged":false},"906291664174346260":{"message":{"mention_everyone":false,"edited_timestamp":null,"attachments":[],"channel_id":"887683959838900241","reactions":[],"guild_id":"887683957100015616","content":"https://cdn.discordapp.com/emojis/827212032779747378.gif?size=46","type":0,"embeds":[],"author":{"discriminator":"1569","username":"johann_kili","avatar":"f12eddfa97fef60d0f78ab58756c8005","id":"810094079626444811","bot":false,"public_flags":410191},"mentions":[],"mention_roles":[],"id":"906291664174346260","flags":0,"timestamp":1636147170824,"referenced_message":null},"local_mentioned":false,"delete_data":{"time":1636147184429},"edit_history":null,"ghost_pinged":false},"906594461180629072":{"message":{"mention_everyone":false,"edited_timestamp":null,"attachments":[],"channel_id":"887683960077950977","reactions":[],"guild_id":"887683957100015616","content":"<@!235148962103951360> prefix","type":0,"embeds":[],"author":{"discriminator":"1569","username":"johann_kili","avatar":"f12eddfa97fef60d0f78ab58756c8005","id":"810094079626444811","bot":false,"public_flags":410191},"mentions":[{"discriminator":"1536","username":"Carl-bot","avatar":"cececd50fdc87b29929e65c768f24ad6","id":"235148962103951360","bot":true,"public_flags":65536}],"mention_roles":[],"id":"906594461180629072","flags":0,"timestamp":1636219363256,"referenced_message":null},"local_mentioned":false,"delete_data":{"time":1636219372452},"edit_history":null,"ghost_pinged":false},"906606563849011252":{"message":{"mention_everyone":false,"edited_timestamp":null,"attachments":[],"channel_id":"887683960077950977","reactions":[],"guild_id":"887683957100015616","content":"'boldfraktur hi","type":0,"embeds":[],"author":{"discriminator":"1569","username":"johann_kili","avatar":"f12eddfa97fef60d0f78ab58756c8005","id":"810094079626444811","bot":false,"public_flags":410191},"mentions":[],"mention_roles":[],"id":"906606563849011252","flags":0,"timestamp":1636222248757,"referenced_message":null},"local_mentioned":false,"delete_data":{"time":1636222255236},"edit_history":null,"ghost_pinged":false},"906622243956723772":{"message":{"mention_everyone":false,"edited_timestamp":null,"attachments":[],"channel_id":"906421623148650517","reactions":[],"guild_id":"884712063941898291","content":"scammer","type":0,"embeds":[],"author":{"discriminator":"4254","username":"Bavette ツ","avatar":"a_06e1afa6bb360fe3ababf594d6ebc93f","id":"777792573255319552","public_flags":0},"mentions":[],"mention_roles":[],"id":"906622243956723772","flags":0,"timestamp":1636225987186,"referenced_message":null},"local_mentioned":false,"delete_data":{"time":1636225988688},"edit_history":null,"ghost_pinged":false},"906621234475843586":{"message":{"mention_everyone":false,"edited_timestamp":null,"attachments":[],"channel_id":"887683959838900241","reactions":[],"guild_id":"887683957100015616","content":":amogus:","type":0,"embeds":[],"author":{"discriminator":"0859","username":"Mazix54","avatar":"21063b06493196cb36b675040f3c4d9f","id":"737391620516872312","bot":false,"public_flags":1},"mentions":[],"mention_roles":[],"id":"906621234475843586","flags":0,"timestamp":1636225746507,"referenced_message":null},"local_mentioned":false,"delete_data":{"time":1636230322730},"edit_history":null,"ghost_pinged":false},"906871263790772265":{"message":{"mention_everyone":false,"edited_timestamp":null,"attachments":[],"channel_id":"887683959838900241","reactions":[],"guild_id":"887683957100015616","content":"q!kick <@!662650704736813066> admin abuse","type":0,"embeds":[],"author":{"discriminator":"5859","username":"cool_freed","avatar":"f5a1344748bffd64204d3a356d4e17b5","id":"868156561032368208","bot":false,"public_flags":0},"mentions":[{"discriminator":"9951","username":"𝐆𝐚𝐦𝐞𝐀𝐧𝐝𝐏𝐡𝐢𝐥𝐥𝐢𝐩","avatar":"7fa1320389c98666d909601728f0643c","id":"662650704736813066","bot":false,"public_flags":256}],"mention_roles":[],"id":"906871263790772265","flags":0,"timestamp":1636285358141,"referenced_message":null},"local_mentioned":false,"delete_data":{"time":1636285358416},"edit_history":null,"ghost_pinged":false},"906886962403737681":{"message":{"mention_everyone":false,"edited_timestamp":null,"attachments":[],"channel_id":"887683959838900241","reactions":[],"guild_id":"887683957100015616","content":"q!kick <@!662650704736813066>","type":0,"embeds":[],"author":{"discriminator":"5859","username":"cool_freed","avatar":"f5a1344748bffd64204d3a356d4e17b5","id":"868156561032368208","bot":false,"public_flags":0},"mentions":[{"discriminator":"9951","username":"𝐆𝐚𝐦𝐞𝐀𝐧𝐝𝐏𝐡𝐢𝐥𝐥𝐢𝐩","avatar":"7fa1320389c98666d909601728f0643c","id":"662650704736813066","bot":false,"public_flags":256}],"mention_roles":[],"id":"906886962403737681","flags":0,"timestamp":1636289100982,"referenced_message":null},"local_mentioned":false,"delete_data":{"time":1636289114151},"edit_history":null,"ghost_pinged":false},"906887073640874036":{"message":{"mention_everyone":false,"edited_timestamp":null,"attachments":[],"channel_id":"887683959838900241","reactions":[],"guild_id":"887683957100015616","content":"q!kick <@!662650704736813066>","type":0,"embeds":[],"author":{"discriminator":"5859","username":"cool_freed","avatar":"f5a1344748bffd64204d3a356d4e17b5","id":"868156561032368208","bot":false,"public_flags":0},"mentions":[{"discriminator":"9951","username":"𝐆𝐚𝐦𝐞𝐀𝐧𝐝𝐏𝐡𝐢𝐥𝐥𝐢𝐩","avatar":"7fa1320389c98666d909601728f0643c","id":"662650704736813066","bot":false,"public_flags":256}],"mention_roles":[],"id":"906887073640874036","flags":0,"timestamp":1636289127503,"referenced_message":null},"local_mentioned":false,"delete_data":{"time":1636289127641},"edit_history":null,"ghost_pinged":false},"906887423047381032":{"message":{"mention_everyone":false,"edited_timestamp":null,"attachments":[],"channel_id":"887683959838900241","reactions":[],"guild_id":"887683957100015616","content":"q!tempban <@!662650704736813066>","type":0,"embeds":[],"author":{"discriminator":"5859","username":"cool_freed","avatar":"f5a1344748bffd64204d3a356d4e17b5","id":"868156561032368208","bot":false,"public_flags":0},"mentions":[{"discriminator":"9951","username":"𝐆𝐚𝐦𝐞𝐀𝐧𝐝𝐏𝐡𝐢𝐥𝐥𝐢𝐩","avatar":"7fa1320389c98666d909601728f0643c","id":"662650704736813066","bot":false,"public_flags":256}],"mention_roles":[],"id":"906887423047381032","flags":0,"timestamp":1636289210808,"referenced_message":null},"local_mentioned":false,"delete_data":{"time":1636289216706},"edit_history":null,"ghost_pinged":false},"906888283919896679":{"message":{"mention_everyone":false,"edited_timestamp":null,"attachments":[],"channel_id":"888707966373601283","reactions":[],"guild_id":"888707966373601280","content":"q!kick <@!536991182035746816>","type":0,"embeds":[],"author":{"discriminator":"1569","username":"johann_kili","avatar":"f12eddfa97fef60d0f78ab58756c8005","id":"810094079626444811","public_flags":64},"mentions":[{"discriminator":"3938","username":"Wick","avatar":"a96e5d12a6323f21c47debdfe1de9369","id":"536991182035746816","bot":true,"public_flags":65536}],"mention_roles":[],"id":"906888283919896679","flags":0,"timestamp":1636289416056,"referenced_message":null},"local_mentioned":false,"delete_data":{"time":1636289416218},"edit_history":null,"ghost_pinged":false},"906888468519596033":{"message":{"mention_everyone":false,"edited_timestamp":null,"attachments":[],"channel_id":"888707966373601283","reactions":[],"guild_id":"888707966373601280","content":"q!kick","type":0,"embeds":[],"author":{"discriminator":"1569","username":"johann_kili","avatar":"f12eddfa97fef60d0f78ab58756c8005","id":"810094079626444811","public_flags":64},"mentions":[],"mention_roles":[],"id":"906888468519596033","flags":0,"timestamp":1636289460068,"referenced_message":null},"local_mentioned":false,"delete_data":{"time":1636289460187},"edit_history":null,"ghost_pinged":false},"906888792424726559":{"message":{"mention_everyone":false,"edited_timestamp":null,"attachments":[],"channel_id":"898176168296079370","reactions":[],"guild_id":"888707966373601280","content":"q!kick <@!868156561032368208>","type":0,"embeds":[],"author":{"discriminator":"1569","username":"johann_kili","avatar":"f12eddfa97fef60d0f78ab58756c8005","id":"810094079626444811","public_flags":64},"mentions":[{"discriminator":"5859","username":"saft_freed","avatar":"0ddb44eae0f0585eef20b5bb207cb81f","id":"868156561032368208","public_flags":0}],"mention_roles":[],"id":"906888792424726559","flags":0,"timestamp":1636289537293,"referenced_message":null},"local_mentioned":false,"delete_data":{"time":1636289537372},"edit_history":null,"ghost_pinged":false},"906888886393909328":{"message":{"mention_everyone":false,"edited_timestamp":null,"attachments":[],"channel_id":"898176168296079370","reactions":[],"guild_id":"888707966373601280","content":"q!kick \n \n<@!868156561032368208>","type":0,"embeds":[],"author":{"discriminator":"1569","username":"johann_kili","avatar":"f12eddfa97fef60d0f78ab58756c8005","id":"810094079626444811","public_flags":64},"mentions":[{"discriminator":"5859","username":"saft_freed","avatar":"0ddb44eae0f0585eef20b5bb207cb81f","id":"868156561032368208","public_flags":0}],"mention_roles":[],"id":"906888886393909328","flags":0,"timestamp":1636289559697,"referenced_message":null},"local_mentioned":false,"delete_data":{"time":1636289559728},"edit_history":null,"ghost_pinged":false},"906888934242537522":{"message":{"mention_everyone":false,"edited_timestamp":null,"attachments":[],"channel_id":"898176168296079370","reactions":[],"guild_id":"888707966373601280","content":"q!kick \n \n<@!868156561032368208>","type":0,"embeds":[],"author":{"discriminator":"1569","username":"johann_kili","avatar":"f12eddfa97fef60d0f78ab58756c8005","id":"810094079626444811","public_flags":64},"mentions":[{"discriminator":"5859","username":"saft_freed","avatar":"0ddb44eae0f0585eef20b5bb207cb81f","id":"868156561032368208","public_flags":0}],"mention_roles":[],"id":"906888934242537522","flags":0,"timestamp":1636289571105,"referenced_message":null},"local_mentioned":false,"delete_data":{"time":1636289571119},"edit_history":null,"ghost_pinged":false},"906893056752635914":{"message":{"mention_everyone":false,"edited_timestamp":null,"attachments":[],"channel_id":"906891828379389985","reactions":[],"guild_id":"906891828379389982","content":"q!hack","type":0,"embeds":[],"author":{"discriminator":"5859","username":"cool_freed","avatar":"f5a1344748bffd64204d3a356d4e17b5","id":"868156561032368208","bot":false,"publicFlags":0},"mentions":[],"mention_roles":[],"id":"906893056752635914","flags":0,"timestamp":1636290553988,"referenced_message":null},"local_mentioned":false,"delete_data":{"time":1636290554061},"edit_history":null,"ghost_pinged":false},"906893136507322390":{"message":{"mention_everyone":false,"edited_timestamp":null,"attachments":[],"channel_id":"906891828379389985","reactions":[],"guild_id":"906891828379389982","content":"q!hack <@!810094079626444811>","type":0,"embeds":[],"author":{"discriminator":"5859","username":"cool_freed","avatar":"f5a1344748bffd64204d3a356d4e17b5","id":"868156561032368208","bot":false,"publicFlags":0},"mentions":[{"discriminator":"1569","username":"johann_kili","avatar":"f12eddfa97fef60d0f78ab58756c8005","id":"810094079626444811","bot":false,"publicFlags":410191}],"mention_roles":[],"id":"906893136507322390","flags":0,"timestamp":1636290573003,"referenced_message":null},"local_mentioned":true,"delete_data":{"time":1636290573209},"edit_history":null,"ghost_pinged":true},"906893684275044422":{"message":{"mention_everyone":false,"edited_timestamp":null,"attachments":[],"channel_id":"906891828379389985","reactions":[],"guild_id":"906891828379389982","content":"q!help","type":0,"embeds":[],"author":{"discriminator":"5859","username":"cool_freed","avatar":"f5a1344748bffd64204d3a356d4e17b5","id":"868156561032368208","bot":false,"publicFlags":0},"mentions":[],"mention_roles":[],"id":"906893684275044422","flags":0,"timestamp":1636290703601,"referenced_message":null},"local_mentioned":false,"delete_data":{"time":1636290703747},"edit_history":null,"ghost_pinged":false},"906893832732430437":{"message":{"mention_everyone":false,"edited_timestamp":null,"attachments":[],"channel_id":"906891828379389985","reactions":[],"guild_id":"906891828379389982","content":"q!help","type":0,"embeds":[],"author":{"discriminator":"5859","username":"cool_freed","avatar":"f5a1344748bffd64204d3a356d4e17b5","id":"868156561032368208","bot":false,"publicFlags":0},"mentions":[],"mention_roles":[],"id":"906893832732430437","flags":0,"timestamp":1636290738996,"referenced_message":null},"local_mentioned":false,"delete_data":{"time":1636290739213},"edit_history":null,"ghost_pinged":false},"906893888244047902":{"message":{"mention_everyone":false,"edited_timestamp":null,"attachments":[],"channel_id":"906891828379389985","reactions":[],"guild_id":"906891828379389982","content":"q!ping","type":0,"embeds":[],"author":{"discriminator":"5859","username":"cool_freed","avatar":"f5a1344748bffd64204d3a356d4e17b5","id":"868156561032368208","bot":false,"publicFlags":0},"mentions":[],"mention_roles":[],"id":"906893888244047902","flags":0,"timestamp":1636290752231,"referenced_message":null},"local_mentioned":false,"delete_data":{"time":1636290752254},"edit_history":null,"ghost_pinged":false},"906894536343691284":{"message":{"mention_everyone":false,"edited_timestamp":null,"attachments":[],"channel_id":"906891828379389985","reactions":[],"guild_id":"906891828379389982","content":"q!kick <@!797802022433980436>  test","type":0,"embeds":[],"author":{"discriminator":"5859","username":"cool_freed","avatar":"f5a1344748bffd64204d3a356d4e17b5","id":"868156561032368208","bot":false,"publicFlags":0},"mentions":[{"discriminator":"8337","username":"Aquaman","avatar":"892e3b2861fe0286b3dcaf6ba40612b8","id":"797802022433980436","bot":false,"publicFlags":64}],"mention_roles":[],"id":"906894536343691284","flags":0,"timestamp":1636290906750,"referenced_message":null},"local_mentioned":false,"delete_data":{"time":1636290906917},"edit_history":null,"ghost_pinged":false},"906901571122634873":{"message":{"mention_everyone":false,"edited_timestamp":null,"attachments":[],"channel_id":"887683959838900241","reactions":[],"guild_id":"887683957100015616","content":"q!kick <@!662650704736813066>","type":0,"embeds":[],"author":{"discriminator":"5859","username":"cool_freed","avatar":"f5a1344748bffd64204d3a356d4e17b5","id":"868156561032368208","bot":false,"public_flags":0},"mentions":[{"discriminator":"9951","username":"𝐆𝐚𝐦𝐞𝐀𝐧𝐝𝐏𝐡𝐢𝐥𝐥𝐢𝐩","avatar":"7fa1320389c98666d909601728f0643c","id":"662650704736813066","bot":false,"public_flags":256}],"mention_roles":[],"id":"906901571122634873","flags":0,"timestamp":1636292583972,"referenced_message":null},"local_mentioned":false,"delete_data":{"time":1636292584164},"edit_history":null,"ghost_pinged":false},"906901787674558464":{"message":{"mention_everyone":false,"edited_timestamp":null,"attachments":[],"channel_id":"887683959838900241","reactions":[],"guild_id":"887683957100015616","content":"q!kick <@!662650704736813066>  bot abuse ( sus )","type":0,"embeds":[],"author":{"discriminator":"5859","username":"cool_freed","avatar":"f5a1344748bffd64204d3a356d4e17b5","id":"868156561032368208","bot":false,"public_flags":0},"mentions":[{"discriminator":"9951","username":"𝐆𝐚𝐦𝐞𝐀𝐧𝐝𝐏𝐡𝐢𝐥𝐥𝐢𝐩","avatar":"7fa1320389c98666d909601728f0643c","id":"662650704736813066","bot":false,"public_flags":256}],"mention_roles":[],"id":"906901787674558464","flags":0,"timestamp":1636292635602,"referenced_message":null},"local_mentioned":false,"delete_data":{"time":1636292635815},"edit_history":null,"ghost_pinged":false},"906901896042807347":{"message":{"mention_everyone":false,"edited_timestamp":null,"attachments":[],"channel_id":"887683959838900241","reactions":[],"guild_id":"887683957100015616","content":"q!kick","type":0,"embeds":[],"author":{"discriminator":"5859","username":"cool_freed","avatar":"f5a1344748bffd64204d3a356d4e17b5","id":"868156561032368208","bot":false,"public_flags":0},"mentions":[],"mention_roles":[],"id":"906901896042807347","flags":0,"timestamp":1636292661439,"referenced_message":null},"local_mentioned":false,"delete_data":{"time":1636292661544},"edit_history":null,"ghost_pinged":false},"906901936542973952":{"message":{"mention_everyone":false,"edited_timestamp":null,"attachments":[],"channel_id":"887683959838900241","reactions":[],"guild_id":"887683957100015616","content":"q!kick <@!868156561032368208>","type":0,"embeds":[],"author":{"discriminator":"5859","username":"cool_freed","avatar":"f5a1344748bffd64204d3a356d4e17b5","id":"868156561032368208","bot":false,"public_flags":0},"mentions":[{"discriminator":"5859","username":"cool_freed","avatar":"f5a1344748bffd64204d3a356d4e17b5","id":"868156561032368208","bot":false,"public_flags":0}],"mention_roles":[],"id":"906901936542973952","flags":0,"timestamp":1636292671095,"referenced_message":null},"local_mentioned":false,"delete_data":{"time":1636292671111},"edit_history":null,"ghost_pinged":false},"906902110577258516":{"message":{"mention_everyone":false,"edited_timestamp":null,"attachments":[],"channel_id":"887683959838900241","reactions":[],"guild_id":"887683957100015616","content":"q!kick <@!662650704736813066>","type":0,"embeds":[],"author":{"discriminator":"5859","username":"cool_freed","avatar":"f5a1344748bffd64204d3a356d4e17b5","id":"868156561032368208","bot":false,"public_flags":0},"mentions":[{"discriminator":"9951","username":"𝐆𝐚𝐦𝐞𝐀𝐧𝐝𝐏𝐡𝐢𝐥𝐥𝐢𝐩","avatar":"7fa1320389c98666d909601728f0643c","id":"662650704736813066","bot":false,"public_flags":256}],"mention_roles":[],"id":"906902110577258516","flags":0,"timestamp":1636292712588,"referenced_message":null},"local_mentioned":false,"delete_data":{"time":1636292712616},"edit_history":null,"ghost_pinged":false},"906902230001664012":{"message":{"mention_everyone":false,"edited_timestamp":null,"attachments":[],"channel_id":"887683959838900241","reactions":[],"guild_id":"887683957100015616","content":"q!kick 662650704736813066","type":0,"embeds":[],"author":{"discriminator":"5859","username":"cool_freed","avatar":"f5a1344748bffd64204d3a356d4e17b5","id":"868156561032368208","bot":false,"public_flags":0},"mentions":[],"mention_roles":[],"id":"906902230001664012","flags":0,"timestamp":1636292741061,"referenced_message":null},"local_mentioned":false,"delete_data":{"time":1636292741175},"edit_history":null,"ghost_pinged":false},"906902318920904744":{"message":{"mention_everyone":false,"edited_timestamp":null,"attachments":[],"channel_id":"887683959838900241","reactions":[],"guild_id":"887683957100015616","content":"q!clear 10","type":0,"embeds":[],"author":{"discriminator":"5859","username":"cool_freed","avatar":"f5a1344748bffd64204d3a356d4e17b5","id":"868156561032368208","bot":false,"public_flags":0},"mentions":[],"mention_roles":[],"id":"906902318920904744","flags":0,"timestamp":1636292762261,"referenced_message":null},"local_mentioned":false,"delete_data":{"time":1636292762493},"edit_history":null,"ghost_pinged":false},"906902230920216586":{"message":{"mention_everyone":false,"edited_timestamp":null,"attachments":[],"channel_id":"887683959838900241","reactions":[],"guild_id":"887683957100015616","content":"Please Mention A Member That You Want To Kick!","type":0,"embeds":[],"author":{"discriminator":"6139","username":"STAFF","avatar":"009f07da3f2b2f1eae5c2c51eed3ea09","id":"906648622639239168","bot":true,"public_flags":0},"mentions":[],"mention_roles":[],"id":"906902230920216586","flags":0,"timestamp":1636292741280,"referenced_message":null},"local_mentioned":false,"delete_data":{"time":1636292762613},"edit_history":null,"ghost_pinged":false},"906901937004372058":{"message":{"mention_everyone":false,"edited_timestamp":null,"attachments":[],"channel_id":"887683959838900241","reactions":[],"guild_id":"887683957100015616","content":"You Can't Kick Your Self!","type":0,"embeds":[],"author":{"discriminator":"6139","username":"STAFF","avatar":"009f07da3f2b2f1eae5c2c51eed3ea09","id":"906648622639239168","bot":true,"public_flags":0},"mentions":[],"mention_roles":[],"id":"906901937004372058","flags":0,"timestamp":1636292671205,"referenced_message":null},"local_mentioned":false,"delete_data":{"time":1636292762620},"edit_history":null,"ghost_pinged":false},"906901896822919188":{"message":{"mention_everyone":false,"edited_timestamp":null,"attachments":[],"channel_id":"887683959838900241","reactions":[],"guild_id":"887683957100015616","content":"Please Mention A Member That You Want To Kick!","type":0,"embeds":[],"author":{"discriminator":"6139","username":"STAFF","avatar":"009f07da3f2b2f1eae5c2c51eed3ea09","id":"906648622639239168","bot":true,"public_flags":0},"mentions":[],"mention_roles":[],"id":"906901896822919188","flags":0,"timestamp":1636292661625,"referenced_message":null},"local_mentioned":false,"delete_data":{"time":1636292762624},"edit_history":null,"ghost_pinged":false},"906871540774223872":{"message":{"mention_everyone":false,"edited_timestamp":null,"attachments":[{"content_type":"image/jpeg","filename":"009f07da3f2b2f1eae5c2c51eed3ea09.jpg","height":128,"id":"906871540161863730","proxy_url":"https://media.discordapp.net/attachments/887683959838900241/906871540161863730/009f07da3f2b2f1eae5c2c51eed3ea09.jpg","size":3459,"url":"https://media.discordapp.net/attachments/887683959838900241/906871540161863730/009f07da3f2b2f1eae5c2c51eed3ea09.jpg","width":128,"spoiler":false}],"channel_id":"887683959838900241","reactions":[],"guild_id":"887683957100015616","content":"","type":0,"embeds":[],"author":{"discriminator":"9951","username":"𝐆𝐚𝐦𝐞𝐀𝐧𝐝𝐏𝐡𝐢𝐥𝐥𝐢𝐩","avatar":"7fa1320389c98666d909601728f0643c","id":"662650704736813066","bot":false,"public_flags":256},"mentions":[],"mention_roles":[],"id":"906871540774223872","flags":0,"timestamp":1636285424179,"referenced_message":null},"local_mentioned":false,"delete_data":{"time":1636292762629},"edit_history":null,"ghost_pinged":false},"906871082823348274":{"message":{"mention_everyone":false,"edited_timestamp":null,"attachments":[],"channel_id":"887683959838900241","reactions":[],"guild_id":"887683957100015616","content":"","type":0,"embeds":[{"color":null,"type":"rich","timestamp":924,"image":{"url":"https://cdn.discordapp.com/avatars/906648622639239168/009f07da3f2b2f1eae5c2c51eed3ea09.webp","proxy_url":"https://images-ext-1.discordapp.net/external/SdCWQlmjboQbZgjh7u_tLMBWNK3uKhEfFZJeOqjECTA/https/cdn.discordapp.com/avatars/906648622639239168/009f07da3f2b2f1eae5c2c51eed3ea09.webp","width":128,"height":128},"fields":[{"name":"Links","value":"[png](https://cdn.discordapp.com/avatars/906648622639239168/009f07da3f2b2f1eae5c2c51eed3ea09.png) | [jpg](https://cdn.discordapp.com/avatars/906648622639239168/009f07da3f2b2f1eae5c2c51eed3ea09.jpg) | [webp](https://cdn.discordapp.com/avatars/906648622639239168/009f07da3f2b2f1eae5c2c51eed3ea09.webp)","inline":false}]}],"author":{"discriminator":"6139","username":"STAFF","avatar":"009f07da3f2b2f1eae5c2c51eed3ea09","id":"906648622639239168","bot":true,"public_flags":0},"mentions":[],"mention_roles":[],"id":"906871082823348274","flags":0,"timestamp":1636285314995,"referenced_message":null},"local_mentioned":false,"delete_data":{"time":1636292762636},"edit_history":null,"ghost_pinged":false},"906870987646181387":{"message":{"mention_everyone":false,"edited_timestamp":null,"attachments":[],"channel_id":"887683959838900241","reactions":[],"guild_id":"887683957100015616","content":"","type":0,"embeds":[{"color":null,"type":"rich","timestamp":242,"image":{"url":"https://cdn.discordapp.com/avatars/868156561032368208/0ddb44eae0f0585eef20b5bb207cb81f.webp","proxy_url":"https://images-ext-2.discordapp.net/external/TMwG7qt_v5pg1ko-6TqPNrTGa2l7uI7jdiRtERvNymY/https/cdn.discordapp.com/avatars/868156561032368208/0ddb44eae0f0585eef20b5bb207cb81f.webp","width":128,"height":128},"fields":[{"name":"Links","value":"[png](https://cdn.discordapp.com/avatars/868156561032368208/0ddb44eae0f0585eef20b5bb207cb81f.png) | [jpg](https://cdn.discordapp.com/avatars/868156561032368208/0ddb44eae0f0585eef20b5bb207cb81f.jpg) | [webp](https://cdn.discordapp.com/avatars/868156561032368208/0ddb44eae0f0585eef20b5bb207cb81f.webp)","inline":false}]}],"author":{"discriminator":"6139","username":"STAFF","avatar":"009f07da3f2b2f1eae5c2c51eed3ea09","id":"906648622639239168","bot":true,"public_flags":0},"mentions":[],"mention_roles":[],"id":"906870987646181387","flags":0,"timestamp":1636285292303,"referenced_message":null},"local_mentioned":false,"delete_data":{"time":1636292762657},"edit_history":null,"ghost_pinged":false},"906870916791828501":{"message":{"mention_everyone":false,"edited_timestamp":null,"attachments":[],"channel_id":"887683959838900241","reactions":[],"guild_id":"887683957100015616","content":"","type":0,"embeds":[{"title":"Member Warned!","color":null,"type":"rich","footer":{"text":"Requested by saft_freed"},"timestamp":417,"fields":[{"name":"Moderator","value":"saft_freed#5859 (868156561032368208","inline":false},{"name":"Warned Member","value":"𝐆𝐚𝐦𝐞𝐀𝐧𝐝𝐏𝐡𝐢𝐥𝐥𝐢𝐩#9951 (662650704736813066)","inline":false},{"name":"Now Member Warnings","value":"1","inline":false},{"name":"Reason","value":"spam","inline":false}]}],"author":{"discriminator":"6139","username":"STAFF","avatar":"009f07da3f2b2f1eae5c2c51eed3ea09","id":"906648622639239168","bot":true,"public_flags":0},"mentions":[],"mention_roles":[],"id":"906870916791828501","flags":0,"timestamp":1636285275410,"referenced_message":null},"local_mentioned":false,"delete_data":{"time":1636292762660},"edit_history":null,"ghost_pinged":false},"906870866791501834":{"message":{"mention_everyone":false,"edited_timestamp":null,"attachments":[],"channel_id":"887683959838900241","reactions":[],"guild_id":"887683957100015616","content":"","type":0,"embeds":[{"color":null,"type":"rich","timestamp":442,"image":{"url":"https://cdn.discordapp.com/avatars/662650704736813066/7fa1320389c98666d909601728f0643c.webp","proxy_url":"https://images-ext-2.discordapp.net/external/Nl6urRvZD7JRKFnLE-RC7QdeTfHnci3XBfUszVcBH4s/https/cdn.discordapp.com/avatars/662650704736813066/7fa1320389c98666d909601728f0643c.webp","width":128,"height":128},"fields":[{"name":"Links","value":"[png](https://cdn.discordapp.com/avatars/662650704736813066/7fa1320389c98666d909601728f0643c.png) | [jpg](https://cdn.discordapp.com/avatars/662650704736813066/7fa1320389c98666d909601728f0643c.jpg) | [webp](https://cdn.discordapp.com/avatars/662650704736813066/7fa1320389c98666d909601728f0643c.webp)","inline":false}]}],"author":{"discriminator":"6139","username":"STAFF","avatar":"009f07da3f2b2f1eae5c2c51eed3ea09","id":"906648622639239168","bot":true,"public_flags":0},"mentions":[],"mention_roles":[],"id":"906870866791501834","flags":0,"timestamp":1636285263489,"referenced_message":null},"local_mentioned":false,"delete_data":{"time":1636292762664},"edit_history":null,"ghost_pinged":false},"906870777733849098":{"message":{"mention_everyone":false,"edited_timestamp":null,"attachments":[],"channel_id":"887683959838900241","reactions":[],"guild_id":"887683957100015616","content":"","type":0,"embeds":[{"title":"STAFF Commands!","description":"Use q!Help <Command Name> For More Command Information!\n\n`😉`**Fun**\n`Avatar, Coinflip, Howgay, Meme, Rate, 8ball, Ascii, Choose, Hack, Randomnumber`\n\n`🔐`**Moderation**\n`Clear, Mute, Unmute, Tempmute, Kick, Ban, Unban, Tempban, Warn, Warnings, ResetWarns`\n\n`⌚`**Information**\n`Help, Covid, Weather, Userinfo, Serverinfo, Ping`","color":null,"type":"rich","footer":{"text":"Requested By saft_freed"},"timestamp":204}],"author":{"discriminator":"6139","username":"STAFF","avatar":"009f07da3f2b2f1eae5c2c51eed3ea09","id":"906648622639239168","bot":true,"public_flags":0},"mentions":[],"mention_roles":[],"id":"906870777733849098","flags":0,"timestamp":1636285242256,"referenced_message":null},"local_mentioned":false,"delete_data":{"time":1636292762667},"edit_history":null,"ghost_pinged":false},"906870777192804353":{"message":{"mention_everyone":false,"edited_timestamp":null,"attachments":[],"channel_id":"887683959838900241","reactions":[],"guild_id":"887683957100015616","content":"<a:amogus:827212032779747378>","type":0,"embeds":[],"author":{"discriminator":"6423","username":"Villager Bot","avatar":"bb3ed9281b16fff8860f89dbc7c23b9e","id":"639498607632056321","bot":true,"public_flags":65536},"mentions":[],"mention_roles":[],"id":"906870777192804353","flags":0,"timestamp":1636285242127,"referenced_message":null},"local_mentioned":false,"delete_data":{"time":1636292762671},"edit_history":null,"ghost_pinged":false},"906902379599904808":{"message":{"mention_everyone":false,"edited_timestamp":null,"attachments":[],"channel_id":"887683959838900241","reactions":[],"guild_id":"887683957100015616","content":"q!clear","type":0,"embeds":[],"author":{"discriminator":"5859","username":"cool_freed","avatar":"f5a1344748bffd64204d3a356d4e17b5","id":"868156561032368208","bot":false,"public_flags":0},"mentions":[],"mention_roles":[],"id":"906902379599904808","flags":0,"timestamp":1636292776728,"referenced_message":null},"local_mentioned":false,"delete_data":{"time":1636292776797},"edit_history":null,"ghost_pinged":false},"906902452794716172":{"message":{"mention_everyone":false,"edited_timestamp":null,"attachments":[],"channel_id":"887683959838900241","reactions":[],"guild_id":"887683957100015616","content":"q!clear 1000000 spam","type":0,"embeds":[],"author":{"discriminator":"5859","username":"cool_freed","avatar":"f5a1344748bffd64204d3a356d4e17b5","id":"868156561032368208","bot":false,"public_flags":0},"mentions":[],"mention_roles":[],"id":"906902452794716172","flags":0,"timestamp":1636292794179,"referenced_message":null},"local_mentioned":false,"delete_data":{"time":1636292794389},"edit_history":null,"ghost_pinged":false},"906902503210246146":{"message":{"mention_everyone":false,"edited_timestamp":null,"attachments":[],"channel_id":"887683959838900241","reactions":[],"guild_id":"887683957100015616","content":"q!clear 1000 spam","type":0,"embeds":[],"author":{"discriminator":"5859","username":"cool_freed","avatar":"f5a1344748bffd64204d3a356d4e17b5","id":"868156561032368208","bot":false,"public_flags":0},"mentions":[],"mention_roles":[],"id":"906902503210246146","flags":0,"timestamp":1636292806199,"referenced_message":null},"local_mentioned":false,"delete_data":{"time":1636292806346},"edit_history":null,"ghost_pinged":false},"906902601692487740":{"message":{"mention_everyone":false,"edited_timestamp":null,"attachments":[],"channel_id":"887683959838900241","reactions":[],"guild_id":"887683957100015616","content":"q!clear 100 spam","type":0,"embeds":[],"author":{"discriminator":"5859","username":"cool_freed","avatar":"f5a1344748bffd64204d3a356d4e17b5","id":"868156561032368208","bot":false,"public_flags":0},"mentions":[],"mention_roles":[],"id":"906902601692487740","flags":0,"timestamp":1636292829679,"referenced_message":null},"local_mentioned":false,"delete_data":{"time":1636292829722},"edit_history":null,"ghost_pinged":false},"906902503952617492":{"message":{"mention_everyone":false,"edited_timestamp":null,"attachments":[],"channel_id":"887683959838900241","reactions":[],"guild_id":"887683957100015616","content":"I Can't Delete 1000 Because Of Discord Limit!","type":0,"embeds":[],"author":{"discriminator":"6139","username":"STAFF","avatar":"009f07da3f2b2f1eae5c2c51eed3ea09","id":"906648622639239168","bot":true,"public_flags":0},"mentions":[],"mention_roles":[],"id":"906902503952617492","flags":0,"timestamp":1636292806376,"referenced_message":null},"local_mentioned":false,"delete_data":{"time":1636292830705},"edit_history":null,"ghost_pinged":false},"906902453251866625":{"message":{"mention_everyone":false,"edited_timestamp":null,"attachments":[],"channel_id":"887683959838900241","reactions":[],"guild_id":"887683957100015616","content":"I Can't Delete 1000000 Because Of Discord Limit!","type":0,"embeds":[],"author":{"discriminator":"6139","username":"STAFF","avatar":"009f07da3f2b2f1eae5c2c51eed3ea09","id":"906648622639239168","bot":true,"public_flags":0},"mentions":[],"mention_roles":[],"id":"906902453251866625","flags":0,"timestamp":1636292794288,"referenced_message":null},"local_mentioned":false,"delete_data":{"time":1636292830713},"edit_history":null,"ghost_pinged":false},"906902379927056404":{"message":{"mention_everyone":false,"edited_timestamp":null,"attachments":[],"channel_id":"887683959838900241","reactions":[],"guild_id":"887683957100015616","content":"Please Give Me Amounts Of Messages!","type":0,"embeds":[],"author":{"discriminator":"6139","username":"STAFF","avatar":"009f07da3f2b2f1eae5c2c51eed3ea09","id":"906648622639239168","bot":true,"public_flags":0},"mentions":[],"mention_roles":[],"id":"906902379927056404","flags":0,"timestamp":1636292776806,"referenced_message":null},"local_mentioned":false,"delete_data":{"time":1636292830719},"edit_history":null,"ghost_pinged":false},"906870776928567306":{"message":{"mention_everyone":false,"edited_timestamp":null,"attachments":[],"channel_id":"887683959838900241","reactions":[],"guild_id":"887683957100015616","content":"sus","type":0,"embeds":[],"author":{"discriminator":"9951","username":"𝐆𝐚𝐦𝐞𝐀𝐧𝐝𝐏𝐡𝐢𝐥𝐥𝐢𝐩","avatar":"7fa1320389c98666d909601728f0643c","id":"662650704736813066","bot":false,"public_flags":256},"mentions":[],"mention_roles":[],"id":"906870776928567306","flags":0,"timestamp":1636285242064,"referenced_message":null},"local_mentioned":false,"delete_data":{"time":1636292830724},"edit_history":null,"ghost_pinged":false},"906870767164219393":{"message":{"mention_everyone":false,"edited_timestamp":null,"attachments":[],"channel_id":"887683959838900241","reactions":[],"guild_id":"887683957100015616","content":"<a:amogus:827212032779747378>","type":0,"embeds":[],"author":{"discriminator":"6423","username":"Villager Bot","avatar":"bb3ed9281b16fff8860f89dbc7c23b9e","id":"639498607632056321","bot":true,"public_flags":65536},"mentions":[],"mention_roles":[],"id":"906870767164219393","flags":0,"timestamp":1636285239736,"referenced_message":null},"local_mentioned":false,"delete_data":{"time":1636292830730},"edit_history":null,"ghost_pinged":false},"906870766841249792":{"message":{"mention_everyone":false,"edited_timestamp":null,"attachments":[],"channel_id":"887683959838900241","reactions":[],"guild_id":"887683957100015616","content":"sus","type":0,"embeds":[],"author":{"discriminator":"9951","username":"𝐆𝐚𝐦𝐞𝐀𝐧𝐝𝐏𝐡𝐢𝐥𝐥𝐢𝐩","avatar":"7fa1320389c98666d909601728f0643c","id":"662650704736813066","bot":false,"public_flags":256},"mentions":[],"mention_roles":[],"id":"906870766841249792","flags":0,"timestamp":1636285239659,"referenced_message":null},"local_mentioned":false,"delete_data":{"time":1636292830734},"edit_history":null,"ghost_pinged":false},"906870761749372928":{"message":{"mention_everyone":false,"edited_timestamp":null,"attachments":[],"channel_id":"887683959838900241","reactions":[],"guild_id":"887683957100015616","content":"<a:amogus:827212032779747378>","type":0,"embeds":[],"author":{"discriminator":"6423","username":"Villager Bot","avatar":"bb3ed9281b16fff8860f89dbc7c23b9e","id":"639498607632056321","bot":true,"public_flags":65536},"mentions":[],"mention_roles":[],"id":"906870761749372928","flags":0,"timestamp":1636285238445,"referenced_message":null},"local_mentioned":false,"delete_data":{"time":1636292830738},"edit_history":null,"ghost_pinged":false},"906870761313173544":{"message":{"mention_everyone":false,"edited_timestamp":null,"attachments":[],"channel_id":"887683959838900241","reactions":[],"guild_id":"887683957100015616","content":"sus","type":0,"embeds":[],"author":{"discriminator":"9951","username":"𝐆𝐚𝐦𝐞𝐀𝐧𝐝𝐏𝐡𝐢𝐥𝐥𝐢𝐩","avatar":"7fa1320389c98666d909601728f0643c","id":"662650704736813066","bot":false,"public_flags":256},"mentions":[],"mention_roles":[],"id":"906870761313173544","flags":0,"timestamp":1636285238341,"referenced_message":null},"local_mentioned":false,"delete_data":{"time":1636292830743},"edit_history":null,"ghost_pinged":false},"906870753473994802":{"message":{"mention_everyone":false,"edited_timestamp":null,"attachments":[],"channel_id":"887683959838900241","reactions":[],"guild_id":"887683957100015616","content":"<a:amogus:827212032779747378>","type":0,"embeds":[],"author":{"discriminator":"6423","username":"Villager Bot","avatar":"bb3ed9281b16fff8860f89dbc7c23b9e","id":"639498607632056321","bot":true,"public_flags":65536},"mentions":[],"mention_roles":[],"id":"906870753473994802","flags":0,"timestamp":1636285236472,"referenced_message":null},"local_mentioned":false,"delete_data":{"time":1636292830747},"edit_history":null,"ghost_pinged":false},"906870752853237861":{"message":{"mention_everyone":false,"edited_timestamp":null,"attachments":[],"channel_id":"887683959838900241","reactions":[],"guild_id":"887683957100015616","content":"sus","type":0,"embeds":[],"author":{"discriminator":"9951","username":"𝐆𝐚𝐦𝐞𝐀𝐧𝐝𝐏𝐡𝐢𝐥𝐥𝐢𝐩","avatar":"7fa1320389c98666d909601728f0643c","id":"662650704736813066","bot":false,"public_flags":256},"mentions":[],"mention_roles":[],"id":"906870752853237861","flags":0,"timestamp":1636285236324,"referenced_message":null},"local_mentioned":false,"delete_data":{"time":1636292830751},"edit_history":null,"ghost_pinged":false},"906870747618754600":{"message":{"mention_everyone":false,"edited_timestamp":null,"attachments":[],"channel_id":"887683959838900241","reactions":[],"guild_id":"887683957100015616","content":"suss","type":0,"embeds":[],"author":{"discriminator":"9951","username":"𝐆𝐚𝐦𝐞𝐀𝐧𝐝𝐏𝐡𝐢𝐥𝐥𝐢𝐩","avatar":"7fa1320389c98666d909601728f0643c","id":"662650704736813066","bot":false,"public_flags":256},"mentions":[],"mention_roles":[],"id":"906870747618754600","flags":0,"timestamp":1636285235076,"referenced_message":null},"local_mentioned":false,"delete_data":{"time":1636292830754},"edit_history":null,"ghost_pinged":false},"906870740148703252":{"message":{"mention_everyone":false,"edited_timestamp":null,"attachments":[],"channel_id":"887683959838900241","reactions":[],"guild_id":"887683957100015616","content":"<a:amogus:827212032779747378>","type":0,"embeds":[],"author":{"discriminator":"6423","username":"Villager Bot","avatar":"bb3ed9281b16fff8860f89dbc7c23b9e","id":"639498607632056321","bot":true,"public_flags":65536},"mentions":[],"mention_roles":[],"id":"906870740148703252","flags":0,"timestamp":1636285233295,"referenced_message":null},"local_mentioned":false,"delete_data":{"time":1636292830759},"edit_history":null,"ghost_pinged":false},"906870739561492510":{"message":{"mention_everyone":false,"edited_timestamp":null,"attachments":[],"channel_id":"887683959838900241","reactions":[],"guild_id":"887683957100015616","content":"sus","type":0,"embeds":[],"author":{"discriminator":"9951","username":"𝐆𝐚𝐦𝐞𝐀𝐧𝐝𝐏𝐡𝐢𝐥𝐥𝐢𝐩","avatar":"7fa1320389c98666d909601728f0643c","id":"662650704736813066","bot":false,"public_flags":256},"mentions":[],"mention_roles":[],"id":"906870739561492510","flags":0,"timestamp":1636285233155,"referenced_message":null},"local_mentioned":false,"delete_data":{"time":1636292830762},"edit_history":null,"ghost_pinged":false},"906870733085499422":{"message":{"mention_everyone":false,"edited_timestamp":null,"attachments":[],"channel_id":"887683959838900241","reactions":[],"guild_id":"887683957100015616","content":"suss","type":0,"embeds":[],"author":{"discriminator":"9951","username":"𝐆𝐚𝐦𝐞𝐀𝐧𝐝𝐏𝐡𝐢𝐥𝐥𝐢𝐩","avatar":"7fa1320389c98666d909601728f0643c","id":"662650704736813066","bot":false,"public_flags":256},"mentions":[],"mention_roles":[],"id":"906870733085499422","flags":0,"timestamp":1636285231611,"referenced_message":null},"local_mentioned":false,"delete_data":{"time":1636292830765},"edit_history":null,"ghost_pinged":false},"906870726462701638":{"message":{"mention_everyone":false,"edited_timestamp":null,"attachments":[],"channel_id":"887683959838900241","reactions":[],"guild_id":"887683957100015616","content":"<a:amogus:827212032779747378>","type":0,"embeds":[],"author":{"discriminator":"6423","username":"Villager Bot","avatar":"bb3ed9281b16fff8860f89dbc7c23b9e","id":"639498607632056321","bot":true,"public_flags":65536},"mentions":[],"mention_roles":[],"id":"906870726462701638","flags":0,"timestamp":1636285230032,"referenced_message":null},"local_mentioned":false,"delete_data":{"time":1636292830768},"edit_history":null,"ghost_pinged":false},"906870725871300609":{"message":{"mention_everyone":false,"edited_timestamp":null,"attachments":[],"channel_id":"887683959838900241","reactions":[],"guild_id":"887683957100015616","content":"sus","type":0,"embeds":[],"author":{"discriminator":"9951","username":"𝐆𝐚𝐦𝐞𝐀𝐧𝐝𝐏𝐡𝐢𝐥𝐥𝐢𝐩","avatar":"7fa1320389c98666d909601728f0643c","id":"662650704736813066","bot":false,"public_flags":256},"mentions":[],"mention_roles":[],"id":"906870725871300609","flags":0,"timestamp":1636285229891,"referenced_message":null},"local_mentioned":false,"delete_data":{"time":1636292830772},"edit_history":null,"ghost_pinged":false},"906870722092220446":{"message":{"mention_everyone":false,"edited_timestamp":null,"attachments":[],"channel_id":"887683959838900241","reactions":[],"guild_id":"887683957100015616","content":"<a:amogus:827212032779747378>","type":0,"embeds":[],"author":{"discriminator":"6423","username":"Villager Bot","avatar":"bb3ed9281b16fff8860f89dbc7c23b9e","id":"639498607632056321","bot":true,"public_flags":65536},"mentions":[],"mention_roles":[],"id":"906870722092220446","flags":0,"timestamp":1636285228990,"referenced_message":null},"local_mentioned":false,"delete_data":{"time":1636292830775},"edit_history":null,"ghost_pinged":false},"906870720485818378":{"message":{"mention_everyone":false,"edited_timestamp":null,"attachments":[],"channel_id":"887683959838900241","reactions":[],"guild_id":"887683957100015616","content":"sus","type":0,"embeds":[],"author":{"discriminator":"9951","username":"𝐆𝐚𝐦𝐞𝐀𝐧𝐝𝐏𝐡𝐢𝐥𝐥𝐢𝐩","avatar":"7fa1320389c98666d909601728f0643c","id":"662650704736813066","bot":false,"public_flags":256},"mentions":[],"mention_roles":[],"id":"906870720485818378","flags":0,"timestamp":1636285228607,"referenced_message":null},"local_mentioned":false,"delete_data":{"time":1636292830781},"edit_history":null,"ghost_pinged":false},"906870715473621035":{"message":{"mention_everyone":false,"edited_timestamp":null,"attachments":[],"channel_id":"887683959838900241","reactions":[],"guild_id":"887683957100015616","content":"<a:amogus:827212032779747378>","type":0,"embeds":[],"author":{"discriminator":"6423","username":"Villager Bot","avatar":"bb3ed9281b16fff8860f89dbc7c23b9e","id":"639498607632056321","bot":true,"public_flags":65536},"mentions":[],"mention_roles":[],"id":"906870715473621035","flags":0,"timestamp":1636285227412,"referenced_message":null},"local_mentioned":false,"delete_data":{"time":1636292830785},"edit_history":null,"ghost_pinged":false},"906870715133874237":{"message":{"mention_everyone":false,"edited_timestamp":null,"attachments":[],"channel_id":"887683959838900241","reactions":[],"guild_id":"887683957100015616","content":"sus","type":0,"embeds":[],"author":{"discriminator":"9951","username":"𝐆𝐚𝐦𝐞𝐀𝐧𝐝𝐏𝐡𝐢𝐥𝐥𝐢𝐩","avatar":"7fa1320389c98666d909601728f0643c","id":"662650704736813066","bot":false,"public_flags":256},"mentions":[],"mention_roles":[],"id":"906870715133874237","flags":0,"timestamp":1636285227331,"referenced_message":null},"local_mentioned":false,"delete_data":{"time":1636292830789},"edit_history":null,"ghost_pinged":false},"906870708875980801":{"message":{"mention_everyone":false,"edited_timestamp":null,"attachments":[],"channel_id":"887683959838900241","reactions":[],"guild_id":"887683957100015616","content":"<a:amogus:827212032779747378>","type":0,"embeds":[],"author":{"discriminator":"6423","username":"Villager Bot","avatar":"bb3ed9281b16fff8860f89dbc7c23b9e","id":"639498607632056321","bot":true,"public_flags":65536},"mentions":[],"mention_roles":[],"id":"906870708875980801","flags":0,"timestamp":1636285225839,"referenced_message":null},"local_mentioned":false,"delete_data":{"time":1636292830794},"edit_history":null,"ghost_pinged":false},"906870708834017280":{"message":{"mention_everyone":false,"edited_timestamp":null,"attachments":[],"channel_id":"887683959838900241","reactions":[],"guild_id":"887683957100015616","content":"sus","type":0,"embeds":[],"author":{"discriminator":"9951","username":"𝐆𝐚𝐦𝐞𝐀𝐧𝐝𝐏𝐡𝐢𝐥𝐥𝐢𝐩","avatar":"7fa1320389c98666d909601728f0643c","id":"662650704736813066","bot":false,"public_flags":256},"mentions":[],"mention_roles":[],"id":"906870708834017280","flags":0,"timestamp":1636285225829,"referenced_message":null},"local_mentioned":false,"delete_data":{"time":1636292830796},"edit_history":null,"ghost_pinged":false},"906870704744579082":{"message":{"mention_everyone":false,"edited_timestamp":null,"attachments":[],"channel_id":"887683959838900241","reactions":[],"guild_id":"887683957100015616","content":"<a:amogus:827212032779747378>","type":0,"embeds":[],"author":{"discriminator":"6423","username":"Villager Bot","avatar":"bb3ed9281b16fff8860f89dbc7c23b9e","id":"639498607632056321","bot":true,"public_flags":65536},"mentions":[],"mention_roles":[],"id":"906870704744579082","flags":0,"timestamp":1636285224854,"referenced_message":null},"local_mentioned":false,"delete_data":{"time":1636292830799},"edit_history":null,"ghost_pinged":false},"906870704262225931":{"message":{"mention_everyone":false,"edited_timestamp":null,"attachments":[],"channel_id":"887683959838900241","reactions":[],"guild_id":"887683957100015616","content":"sus","type":0,"embeds":[],"author":{"discriminator":"9951","username":"𝐆𝐚𝐦𝐞𝐀𝐧𝐝𝐏𝐡𝐢𝐥𝐥𝐢𝐩","avatar":"7fa1320389c98666d909601728f0643c","id":"662650704736813066","bot":false,"public_flags":256},"mentions":[],"mention_roles":[],"id":"906870704262225931","flags":0,"timestamp":1636285224739,"referenced_message":null},"local_mentioned":false,"delete_data":{"time":1636292830801},"edit_history":null,"ghost_pinged":false},"906870700881641583":{"message":{"mention_everyone":false,"edited_timestamp":null,"attachments":[],"channel_id":"887683959838900241","reactions":[],"guild_id":"887683957100015616","content":"<a:amogus:827212032779747378>","type":0,"embeds":[],"author":{"discriminator":"6423","username":"Villager Bot","avatar":"bb3ed9281b16fff8860f89dbc7c23b9e","id":"639498607632056321","bot":true,"public_flags":65536},"mentions":[],"mention_roles":[],"id":"906870700881641583","flags":0,"timestamp":1636285223933,"referenced_message":null},"local_mentioned":false,"delete_data":{"time":1636292830804},"edit_history":null,"ghost_pinged":false},"906870700667723806":{"message":{"mention_everyone":false,"edited_timestamp":null,"attachments":[],"channel_id":"887683959838900241","reactions":[],"guild_id":"887683957100015616","content":"sus","type":0,"embeds":[],"author":{"discriminator":"9951","username":"𝐆𝐚𝐦𝐞𝐀𝐧𝐝𝐏𝐡𝐢𝐥𝐥𝐢𝐩","avatar":"7fa1320389c98666d909601728f0643c","id":"662650704736813066","bot":false,"public_flags":256},"mentions":[],"mention_roles":[],"id":"906870700667723806","flags":0,"timestamp":1636285223882,"referenced_message":null},"local_mentioned":false,"delete_data":{"time":1636292830806},"edit_history":null,"ghost_pinged":false},"906870696712503346":{"message":{"mention_everyone":false,"edited_timestamp":null,"attachments":[],"channel_id":"887683959838900241","reactions":[],"guild_id":"887683957100015616","content":"<@662650704736813066>","type":0,"embeds":[{"description":"Congrats, 𝐆𝐚𝐦𝐞𝐀𝐧𝐝𝐏𝐡𝐢𝐥𝐥𝐢𝐩! Your piggy got upgraded to level 2.","type":"rich","thumbnail":{"url":"https://cdn.discordapp.com/avatars/662650704736813066/7fa1320389c98666d909601728f0643c.webp","proxy_url":"https://images-ext-2.discordapp.net/external/Nl6urRvZD7JRKFnLE-RC7QdeTfHnci3XBfUszVcBH4s/https/cdn.discordapp.com/avatars/662650704736813066/7fa1320389c98666d909601728f0643c.webp","width":128,"height":128}}],"author":{"discriminator":"5866","username":"piggy","avatar":"be82b01b2f901dff96859eab10d15c5b","id":"681770687614156811","bot":true,"public_flags":65536},"mentions":[{"discriminator":"9951","username":"𝐆𝐚𝐦𝐞𝐀𝐧𝐝𝐏𝐡𝐢𝐥𝐥𝐢𝐩","avatar":"7fa1320389c98666d909601728f0643c","id":"662650704736813066","bot":false,"public_flags":256}],"mention_roles":[],"id":"906870696712503346","flags":0,"timestamp":1636285222939,"referenced_message":null},"local_mentioned":false,"delete_data":{"time":1636292830809},"edit_history":null,"ghost_pinged":false},"906870696465010710":{"message":{"mention_everyone":false,"edited_timestamp":null,"attachments":[],"channel_id":"887683959838900241","reactions":[],"guild_id":"887683957100015616","content":"<a:amogus:827212032779747378>","type":0,"embeds":[],"author":{"discriminator":"6423","username":"Villager Bot","avatar":"bb3ed9281b16fff8860f89dbc7c23b9e","id":"639498607632056321","bot":true,"public_flags":65536},"mentions":[],"mention_roles":[],"id":"906870696465010710","flags":0,"timestamp":1636285222880,"referenced_message":null},"local_mentioned":false,"delete_data":{"time":1636292830811},"edit_history":null,"ghost_pinged":false},"906870696028798986":{"message":{"mention_everyone":false,"edited_timestamp":null,"attachments":[],"channel_id":"887683959838900241","reactions":[],"guild_id":"887683957100015616","content":"sus","type":0,"embeds":[],"author":{"discriminator":"9951","username":"𝐆𝐚𝐦𝐞𝐀𝐧𝐝𝐏𝐡𝐢𝐥𝐥𝐢𝐩","avatar":"7fa1320389c98666d909601728f0643c","id":"662650704736813066","bot":false,"public_flags":256},"mentions":[],"mention_roles":[],"id":"906870696028798986","flags":0,"timestamp":1636285222776,"referenced_message":null},"local_mentioned":false,"delete_data":{"time":1636292830813},"edit_history":null,"ghost_pinged":false},"906870691616399400":{"message":{"mention_everyone":false,"edited_timestamp":null,"attachments":[],"channel_id":"887683959838900241","reactions":[],"guild_id":"887683957100015616","content":"<a:amogus:827212032779747378>","type":0,"embeds":[],"author":{"discriminator":"6423","username":"Villager Bot","avatar":"bb3ed9281b16fff8860f89dbc7c23b9e","id":"639498607632056321","bot":true,"public_flags":65536},"mentions":[],"mention_roles":[],"id":"906870691616399400","flags":0,"timestamp":1636285221724,"referenced_message":null},"local_mentioned":false,"delete_data":{"time":1636292830817},"edit_history":null,"ghost_pinged":false},"906870690970488892":{"message":{"mention_everyone":false,"edited_timestamp":null,"attachments":[],"channel_id":"887683959838900241","reactions":[],"guild_id":"887683957100015616","content":"sus","type":0,"embeds":[],"author":{"discriminator":"9951","username":"𝐆𝐚𝐦𝐞𝐀𝐧𝐝𝐏𝐡𝐢𝐥𝐥𝐢𝐩","avatar":"7fa1320389c98666d909601728f0643c","id":"662650704736813066","bot":false,"public_flags":256},"mentions":[],"mention_roles":[],"id":"906870690970488892","flags":0,"timestamp":1636285221570,"referenced_message":null},"local_mentioned":false,"delete_data":{"time":1636292830820},"edit_history":null,"ghost_pinged":false},"906870686973313044":{"message":{"mention_everyone":false,"edited_timestamp":null,"attachments":[],"channel_id":"887683959838900241","reactions":[],"guild_id":"887683957100015616","content":"<a:amogus:827212032779747378>","type":0,"embeds":[],"author":{"discriminator":"6423","username":"Villager Bot","avatar":"bb3ed9281b16fff8860f89dbc7c23b9e","id":"639498607632056321","bot":true,"public_flags":65536},"mentions":[],"mention_roles":[],"id":"906870686973313044","flags":0,"timestamp":1636285220617,"referenced_message":null},"local_mentioned":false,"delete_data":{"time":1636292830822},"edit_history":null,"ghost_pinged":false},"906870686423871498":{"message":{"mention_everyone":false,"edited_timestamp":null,"attachments":[],"channel_id":"887683959838900241","reactions":[],"guild_id":"887683957100015616","content":"sus","type":0,"embeds":[],"author":{"discriminator":"9951","username":"𝐆𝐚𝐦𝐞𝐀𝐧𝐝𝐏𝐡𝐢𝐥𝐥𝐢𝐩","avatar":"7fa1320389c98666d909601728f0643c","id":"662650704736813066","bot":false,"public_flags":256},"mentions":[],"mention_roles":[],"id":"906870686423871498","flags":0,"timestamp":1636285220486,"referenced_message":null},"local_mentioned":false,"delete_data":{"time":1636292830824},"edit_history":null,"ghost_pinged":false},"906870648113082388":{"message":{"mention_everyone":false,"edited_timestamp":null,"attachments":[],"channel_id":"887683959838900241","reactions":[],"guild_id":"887683957100015616","content":"<a:amogus:827212032779747378>","type":0,"embeds":[],"author":{"discriminator":"6423","username":"Villager Bot","avatar":"bb3ed9281b16fff8860f89dbc7c23b9e","id":"639498607632056321","bot":true,"public_flags":65536},"mentions":[],"mention_roles":[],"id":"906870648113082388","flags":0,"timestamp":1636285211352,"referenced_message":null},"local_mentioned":false,"delete_data":{"time":1636292830827},"edit_history":null,"ghost_pinged":false},"906870647433601064":{"message":{"mention_everyone":false,"edited_timestamp":null,"attachments":[],"channel_id":"887683959838900241","reactions":[],"guild_id":"887683957100015616","content":"sus","type":0,"embeds":[],"author":{"discriminator":"9951","username":"𝐆𝐚𝐦𝐞𝐀𝐧𝐝𝐏𝐡𝐢𝐥𝐥𝐢𝐩","avatar":"7fa1320389c98666d909601728f0643c","id":"662650704736813066","bot":false,"public_flags":256},"mentions":[],"mention_roles":[],"id":"906870647433601064","flags":0,"timestamp":1636285211190,"referenced_message":null},"local_mentioned":false,"delete_data":{"time":1636292830829},"edit_history":null,"ghost_pinged":false},"906870542982852659":{"message":{"mention_everyone":false,"edited_timestamp":null,"attachments":[],"channel_id":"887683959838900241","reactions":[],"guild_id":"887683957100015616","content":"GG <@868156561032368208>, you just advanced to level 2!","type":0,"embeds":[],"author":{"discriminator":"4876","username":"MEE6","avatar":"b50adff099924dd5e6b72d13f77eb9d7","id":"159985870458322944","bot":true,"public_flags":65536},"mentions":[{"discriminator":"5859","username":"cool_freed","avatar":"f5a1344748bffd64204d3a356d4e17b5","id":"868156561032368208","bot":false,"public_flags":0}],"mention_roles":[],"id":"906870542982852659","flags":0,"timestamp":1636285186287,"referenced_message":null},"local_mentioned":false,"delete_data":{"time":1636292830831},"edit_history":null,"ghost_pinged":false},"906648024808312832":{"message":{"mention_everyone":false,"edited_timestamp":null,"attachments":[],"channel_id":"887683959838900241","reactions":[],"guild_id":"887683957100015616","content":"<a:amogus:827212032779747378>","type":0,"embeds":[],"author":{"discriminator":"6423","username":"Villager Bot","avatar":"bb3ed9281b16fff8860f89dbc7c23b9e","id":"639498607632056321","bot":true,"public_flags":65536},"mentions":[],"mention_roles":[],"id":"906648024808312832","flags":0,"timestamp":1636232133820,"referenced_message":null},"local_mentioned":false,"delete_data":{"time":1636292830834},"edit_history":null,"ghost_pinged":false},"906648024258850856":{"message":{"mention_everyone":false,"edited_timestamp":null,"attachments":[],"channel_id":"887683959838900241","reactions":[],"guild_id":"887683957100015616","content":"sus","type":0,"embeds":[],"author":{"discriminator":"9951","username":"𝐆𝐚𝐦𝐞𝐀𝐧𝐝𝐏𝐡𝐢𝐥𝐥𝐢𝐩","avatar":"7fa1320389c98666d909601728f0643c","id":"662650704736813066","bot":false,"public_flags":256},"mentions":[],"mention_roles":[],"id":"906648024258850856","flags":0,"timestamp":1636232133689,"referenced_message":null},"local_mentioned":false,"delete_data":{"time":1636292830837},"edit_history":null,"ghost_pinged":false},"906648023721996289":{"message":{"mention_everyone":false,"edited_timestamp":null,"attachments":[],"channel_id":"887683959838900241","reactions":[],"guild_id":"887683957100015616","content":"https://cdn.discordapp.com/emojis/827212032779747378.gif?size=96","type":0,"embeds":[{"type":"image","url":"https://cdn.discordapp.com/emojis/827212032779747378.gif?size=96","image":{"url":"https://cdn.discordapp.com/emojis/827212032779747378.gif?size=96","proxy_url":"https://images-ext-1.discordapp.net/external/ChKJg-5bsOdJF1lk-JKihyblU0PuqtuI-KHpQpSd_Z8/%3Fsize%3D96/https/cdn.discordapp.com/emojis/827212032779747378.gif","width":96,"height":96}}],"author":{"discriminator":"5859","username":"cool_freed","avatar":"f5a1344748bffd64204d3a356d4e17b5","id":"868156561032368208","bot":false,"public_flags":0},"mentions":[],"mention_roles":[],"id":"906648023721996289","flags":0,"timestamp":1636232133561,"referenced_message":null},"local_mentioned":false,"delete_data":{"time":1636292830842},"edit_history":null,"ghost_pinged":false},"906648020660133920":{"message":{"mention_everyone":false,"edited_timestamp":null,"attachments":[],"channel_id":"887683959838900241","reactions":[],"guild_id":"887683957100015616","content":"<a:amogus:827212032779747378>","type":0,"embeds":[],"author":{"discriminator":"6423","username":"Villager Bot","avatar":"bb3ed9281b16fff8860f89dbc7c23b9e","id":"639498607632056321","bot":true,"public_flags":65536},"mentions":[],"mention_roles":[],"id":"906648020660133920","flags":0,"timestamp":1636232132831,"referenced_message":null},"local_mentioned":false,"delete_data":{"time":1636292830846},"edit_history":null,"ghost_pinged":false},"906648020395917343":{"message":{"mention_everyone":false,"edited_timestamp":null,"attachments":[],"channel_id":"887683959838900241","reactions":[],"guild_id":"887683957100015616","content":"<a:amogus:827212032779747378>","type":0,"embeds":[],"author":{"discriminator":"6423","username":"Villager Bot","avatar":"bb3ed9281b16fff8860f89dbc7c23b9e","id":"639498607632056321","bot":true,"public_flags":65536},"mentions":[],"mention_roles":[],"id":"906648020395917343","flags":0,"timestamp":1636232132768,"referenced_message":null},"local_mentioned":false,"delete_data":{"time":1636292830848},"edit_history":null,"ghost_pinged":false},"906648020072951809":{"message":{"mention_everyone":false,"edited_timestamp":null,"attachments":[],"channel_id":"887683959838900241","reactions":[],"guild_id":"887683957100015616","content":"sus","type":0,"embeds":[],"author":{"discriminator":"4731","username":"itryyox","avatar":"7b1b3e635f45574b418e0af942002a70","id":"786997958805159948","bot":false,"public_flags":0},"mentions":[],"mention_roles":[],"id":"906648020072951809","flags":0,"timestamp":1636232132691,"referenced_message":null},"local_mentioned":false,"delete_data":{"time":1636292830852},"edit_history":null,"ghost_pinged":false},"906902616703893584":{"message":{"mention_everyone":false,"edited_timestamp":null,"attachments":[],"channel_id":"887683959838900241","reactions":[],"guild_id":"887683957100015616","content":"q!clear 100 spam","type":0,"embeds":[],"author":{"discriminator":"5859","username":"cool_freed","avatar":"f5a1344748bffd64204d3a356d4e17b5","id":"868156561032368208","bot":false,"public_flags":0},"mentions":[],"mention_roles":[],"id":"906902616703893584","flags":0,"timestamp":1636292833258,"referenced_message":null},"local_mentioned":false,"delete_data":{"time":1636292833312},"edit_history":null,"ghost_pinged":false},"906902650912649227":{"message":{"mention_everyone":false,"edited_timestamp":null,"attachments":[],"channel_id":"887683959838900241","reactions":[],"guild_id":"887683957100015616","content":"q!clear 100 spam","type":0,"embeds":[],"author":{"discriminator":"5859","username":"cool_freed","avatar":"f5a1344748bffd64204d3a356d4e17b5","id":"868156561032368208","bot":false,"public_flags":0},"mentions":[],"mention_roles":[],"id":"906902650912649227","flags":0,"timestamp":1636292841414,"referenced_message":null},"local_mentioned":false,"delete_data":{"time":1636292841585},"edit_history":null,"ghost_pinged":false},"906904198912819270":{"message":{"mention_everyone":false,"edited_timestamp":null,"attachments":[],"channel_id":"887683959838900241","reactions":[],"guild_id":"887683957100015616","content":"q!avatar <@!639498607632056321>","type":0,"embeds":[],"author":{"discriminator":"9951","username":"𝐆𝐚𝐦𝐞𝐀𝐧𝐝𝐏𝐡𝐢𝐥𝐥𝐢𝐩","avatar":"7fa1320389c98666d909601728f0643c","id":"662650704736813066","bot":false,"public_flags":256},"mentions":[{"discriminator":"6423","username":"Villager Bot","avatar":"bb3ed9281b16fff8860f89dbc7c23b9e","id":"639498607632056321","bot":true,"public_flags":65536}],"mention_roles":[],"id":"906904198912819270","flags":0,"timestamp":1636293210486,"referenced_message":null},"local_mentioned":false,"delete_data":{"time":1636293210747},"edit_history":null,"ghost_pinged":false},"906904435136012309":{"message":{"mention_everyone":false,"edited_timestamp":null,"attachments":[],"channel_id":"887683959838900241","reactions":[],"guild_id":"887683957100015616","content":"q!hello <@!906648622639239168>","type":0,"embeds":[],"author":{"discriminator":"5859","username":"cool_freed","avatar":"f5a1344748bffd64204d3a356d4e17b5","id":"868156561032368208","bot":false,"public_flags":0},"mentions":[{"discriminator":"6139","username":"STAFF","avatar":"009f07da3f2b2f1eae5c2c51eed3ea09","id":"906648622639239168","bot":true,"public_flags":0}],"mention_roles":[],"id":"906904435136012309","flags":0,"timestamp":1636293266806,"referenced_message":null},"local_mentioned":false,"delete_data":{"time":1636293266965},"edit_history":null,"ghost_pinged":false},"906904556460441671":{"message":{"mention_everyone":false,"edited_timestamp":null,"attachments":[],"channel_id":"887683959838900241","reactions":[],"guild_id":"887683957100015616","content":"q!clear","type":0,"embeds":[],"author":{"discriminator":"5859","username":"cool_freed","avatar":"f5a1344748bffd64204d3a356d4e17b5","id":"868156561032368208","bot":false,"public_flags":0},"mentions":[],"mention_roles":[],"id":"906904556460441671","flags":0,"timestamp":1636293295732,"referenced_message":null},"local_mentioned":false,"delete_data":{"time":1636293295763},"edit_history":null,"ghost_pinged":false},"906904585229201478":{"message":{"mention_everyone":false,"edited_timestamp":null,"attachments":[],"channel_id":"887683959838900241","reactions":[],"guild_id":"887683957100015616","content":"q!clear 100","type":0,"embeds":[],"author":{"discriminator":"5859","username":"cool_freed","avatar":"f5a1344748bffd64204d3a356d4e17b5","id":"868156561032368208","bot":false,"public_flags":0},"mentions":[],"mention_roles":[],"id":"906904585229201478","flags":0,"timestamp":1636293302591,"referenced_message":null},"local_mentioned":false,"delete_data":{"time":1636293302650},"edit_history":null,"ghost_pinged":false},"906905079058165760":{"message":{"mention_everyone":false,"edited_timestamp":null,"attachments":[],"channel_id":"887683959838900241","reactions":[],"guild_id":"887683957100015616","content":"q!help","type":0,"embeds":[],"author":{"discriminator":"5859","username":"cool_freed","avatar":"f5a1344748bffd64204d3a356d4e17b5","id":"868156561032368208","bot":false,"public_flags":0},"mentions":[],"mention_roles":[],"id":"906905079058165760","flags":0,"timestamp":1636293420329,"referenced_message":null},"local_mentioned":false,"delete_data":{"time":1636293420367},"edit_history":null,"ghost_pinged":false},"906905702755364875":{"message":{"mention_everyone":false,"edited_timestamp":null,"attachments":[],"channel_id":"887683959838900241","reactions":[],"guild_id":"887683957100015616","content":"q!kick <@!810094079626444811>","type":0,"embeds":[],"author":{"discriminator":"5859","username":"cool_freed","avatar":"f5a1344748bffd64204d3a356d4e17b5","id":"868156561032368208","bot":false,"public_flags":0},"mentions":[{"discriminator":"1569","username":"johann_kili","avatar":"f12eddfa97fef60d0f78ab58756c8005","id":"810094079626444811","bot":false,"public_flags":410191}],"mention_roles":[],"id":"906905702755364875","flags":0,"timestamp":1636293569030,"referenced_message":null},"local_mentioned":true,"delete_data":{"time":1636293569179},"edit_history":null,"ghost_pinged":true},"906905828513173604":{"message":{"mention_everyone":false,"edited_timestamp":null,"attachments":[],"channel_id":"887683959838900241","reactions":[],"guild_id":"887683957100015616","content":"q!kick <@!810094079626444811>","type":0,"embeds":[],"author":{"discriminator":"5859","username":"cool_freed","avatar":"f5a1344748bffd64204d3a356d4e17b5","id":"868156561032368208","bot":false,"public_flags":0},"mentions":[{"discriminator":"1569","username":"johann_kili","avatar":"f12eddfa97fef60d0f78ab58756c8005","id":"810094079626444811","bot":false,"public_flags":410191}],"mention_roles":[],"id":"906905828513173604","flags":0,"timestamp":1636293599013,"referenced_message":null},"local_mentioned":true,"delete_data":{"time":1636293598993},"edit_history":null,"ghost_pinged":true},"906906646008197130":{"message":{"mention_everyone":false,"edited_timestamp":null,"attachments":[],"channel_id":"887683959838900241","reactions":[],"guild_id":"887683957100015616","content":"q!ban <@!810094079626444811> test","type":0,"embeds":[],"author":{"discriminator":"5859","username":"cool_freed","avatar":"f5a1344748bffd64204d3a356d4e17b5","id":"868156561032368208","bot":false,"public_flags":0},"mentions":[{"discriminator":"1569","username":"johann_kili","avatar":"f12eddfa97fef60d0f78ab58756c8005","id":"810094079626444811","bot":false,"public_flags":410191}],"mention_roles":[],"id":"906906646008197130","flags":0,"timestamp":1636293793919,"referenced_message":null},"local_mentioned":true,"delete_data":{"time":1636293794563},"edit_history":null,"ghost_pinged":true},"907306186326568981":{"message":{"mention_everyone":false,"edited_timestamp":null,"attachments":[],"channel_id":"887683960077950978","reactions":[],"guild_id":"887683957100015616","content":"5","type":0,"embeds":[],"author":{"discriminator":"1569","username":"johann_kili","avatar":"f12eddfa97fef60d0f78ab58756c8005","id":"810094079626444811","public_flags":64},"mentions":[],"mention_roles":[],"id":"907306186326568981","flags":0,"timestamp":1636389051754,"referenced_message":null},"local_mentioned":false,"delete_data":{"time":1636389058194},"edit_history":null,"ghost_pinged":false},"907651293630312468":{"message":{"mention_everyone":false,"edited_timestamp":null,"attachments":[],"channel_id":"906639704047382578","reactions":[],"guild_id":null,"content":"797802022433980436","type":0,"embeds":[],"author":{"discriminator":"5859","username":"cool_freed","avatar":"f5a1344748bffd64204d3a356d4e17b5","id":"868156561032368208","public_flags":0},"mentions":[],"mention_roles":[],"id":"907651293630312468","flags":0,"timestamp":1636471331747,"referenced_message":null},"local_mentioned":false,"delete_data":{"time":1636471416276},"edit_history":null,"ghost_pinged":false}},"deletedMessageRecord":{"838061153145978930":["903275645017129021"],"870591053143621656":["903368381850345553"],"869294168218943520":["903939215442718760"],"864548628349190164":["906279532867239986"],"887683959838900241":["906291664174346260","906621234475843586","906871263790772265","906886962403737681","906887073640874036","906887423047381032","906901571122634873","906901787674558464","906901896042807347","906901936542973952","906902110577258516","906902230001664012","906902318920904744","906902379599904808","906902452794716172","906902503210246146","906902601692487740","906902616703893584","906902650912649227","906904198912819270","906904435136012309","906904556460441671","906904585229201478","906905079058165760","906905702755364875","906905828513173604","906906646008197130"],"887683960077950977":["906594461180629072","906606563849011252"],"906421623148650517":["906622243956723772"],"888707966373601283":["906888283919896679","906888468519596033"],"898176168296079370":["906888792424726559","906888886393909328","906888934242537522"],"906891828379389985":["906893056752635914","906893136507322390","906893684275044422","906893832732430437","906893888244047902","906894536343691284"],"887683960077950978":["907306186326568981"],"906639704047382578":["907651293630312468"]},"editedMessageRecord":{"870591053143621656":["903369136380448770"],"904035626322628638":["904038863352242196"],"833754588016410734":["904295352709050409"],"864548628349190164":["906199998574788721"]},"purgedMessageRecord":{"887683959838900241":["906902230920216586","906901937004372058","906901896822919188","906871540774223872","906871082823348274","906870987646181387","906870916791828501","906870866791501834","906870777733849098","906870777192804353","906902503952617492","906902453251866625","906902379927056404","906870776928567306","906870767164219393","906870766841249792","906870761749372928","906870761313173544","906870753473994802","906870752853237861","906870747618754600","906870740148703252","906870739561492510","906870733085499422","906870726462701638","906870725871300609","906870722092220446","906870720485818378","906870715473621035","906870715133874237","906870708875980801","906870708834017280","906870704744579082","906870704262225931","906870700881641583","906870700667723806","906870696712503346","906870696465010710","906870696028798986","906870691616399400","906870690970488892","906870686973313044","906870686423871498","906870648113082388","906870647433601064","906870542982852659","906648024808312832","906648024258850856","906648023721996289","906648020660133920","906648020395917343","906648020072951809"]}}}