{
    "settings": {
        "obfuscateCSSClasses": true,
        "autoBackup": false,
        "dontSaveData": false,
        "displayUpdateNotes": true,
        "ignoreMutedGuilds": true,
        "ignoreMutedChannels": true,
        "ignoreBots": true,
        "ignoreSelf": false,
        "ignoreBlockedUsers": true,
        "ignoreNSFW": false,
        "ignoreLocalEdits": false,
        "ignoreLocalDeletes": false,
        "alwaysLogGhostPings": false,
        "showOpenLogsButton": true,
        "messageCacheCap": 1000,
        "savedMessagesCap": 1000,
        "reverseOrder": false,
        "onlyLogWhitelist": true,
        "whitelist": [],
        "blacklist": [],
        "notificationBlacklist": [],
        "toastToggles": {
            "sent": false,
            "edited": true,
            "deleted": true,
            "ghostPings": true
        },
        "toastTogglesDMs": {
            "sent": false,
            "edited": true,
            "deleted": true,
            "ghostPings": true,
            "disableToastsForLocal": false
        },
        "useNotificationsInstead": true,
        "blockSpamEdit": false,
        "disableKeybind": false,
        "cacheAllImages": true,
        "dontDeleteCachedImages": false,
        "aggresiveMessageCaching": true,
        "renderCap": 50,
        "maxShownEdits": 0,
        "hideNewerEditsFirst": true,
        "displayDates": true,
        "deletedMessageColor": "",
        "editedMessageColor": "",
        "useAlternativeDeletedStyle": false,
        "showEditedMessages": true,
        "showDeletedMessages": true,
        "showPurgedMessages": true,
        "showDeletedCount": true,
        "showEditedCount": true,
        "alwaysLogSelected": true,
        "alwaysLogDM": true,
        "restoreDeletedMessages": true,
        "contextmenuSubmenuName": "Message Logger",
        "streamSafety": {
            "showEdits": false,
            "showDeletes": false,
            "showButton": false,
            "showNotifications": false,
            "showContextMenu": false
        },
        "imageCacheDir": "C:\\Users\\info\\AppData\\Roaming\\BetterDiscord\\plugins/MLV2_IMAGE_CACHE",
        "flags": 2,
        "autoUpdate": true,
        "versionInfo": "1.8.5"
    }
}